-- Script para insertar registros en la tabla persona
INSERT INTO persona (nombre, apellido, email, fecha_nacimiento) VALUES
('Juan', 'Pérez', 'juan.perezz@email.com', '1990-05-15'),
('María', 'Gómez', 'maria.gomez@email.com', '1988-11-22'),
('Carlos', 'López', 'carlos.lopezz@email.com', '1995-03-10'),
('Ana', 'Martínez', 'ana.martinezz@email.com', '1992-07-30'),
('Luis', 'Rodríguez', 'luis.rodriguez@email.com', '1985-09-05'),
('Sofía', 'Hernández', 'sofia.hernandez@email.com', '1998-01-12'),
('Diego', 'García', 'diego.garcia@email.com', '1993-04-25'),
('Laura', 'Fernández', 'laura.fernandez@email.com', '1990-12-18'),
('Pedro', 'Sánchez', 'pedro.sanchezz@email.com', '1987-06-08'),
('Elena', 'Ramírez', 'elena.ramirez@email.com', '1996-02-14'),
('Miguel', 'Torres', 'miguel.torres@email.com', '1989-10-20'),
('Carmen', 'Vega', 'carmen.vega@email.com', '1994-08-03'),
('Javier', 'Molina', 'javier.molina@email.com', '1991-11-27'),
('Isabel', 'Ortega', 'isabel.ortega@email.com', '1986-03-19'),
('Andrés', 'Reyes', 'andres.reyes@email.com', '1997-05-02'),
('Lucía', 'Castro', 'lucia.castro@email.com', '1990-09-09'),
('Fernando', 'Ruiz', 'fernando.ruiz@email.com', '1988-12-15'),
('Clara', 'Jiménez', 'clara.jimenez@email.com', '1995-06-23'),
('Raúl', 'Moreno', 'raul.moreno@email.com', '1992-02-07'),
('Paula', 'Álvarez', 'paula.alvarez@email.com', '1989-04-11'),
('Gabriel', 'Romero', 'gabriel.romero@email.com', '1993-07-16'),
('Marta', 'Díaz', 'marta.diaz@email.com', '1996-10-30'),
('Óscar', 'Vargas', 'oscar.vargas@email.com', '1987-01-25'),
('Alicia', 'Flores', 'alicia.flores@email.com', '1994-03-08'),
('Rubén', 'Herrera', 'ruben.herrera@email.com', '1991-05-21'),
('Beatriz', 'Medina', 'beatriz.medina@email.com', '1988-08-14'),
('Iván', 'Cruz', 'ivan.cruz@email.com', '1995-11-06'),
('Natalia', 'Ramos', 'natalia.ramos@email.com', '1990-02-28'),
('Héctor', 'Silva', 'hector.silva@email.com', '1986-07-04'),
('Sara', 'Mendoza', 'sara.mendoza@email.com', '1993-09-17'),
('Jorge', 'Guerrero', 'jorge.guerrero@email.com', '1989-12-01'),
('Valeria', 'Paredes', 'valeria.paredes@email.com', '1997-04-13'),
('Eduardo', 'Campos', 'eduardo.campos@email.com', '1992-06-26'),
('Patricia', 'Soto', 'patricia.soto@email.com', '1988-10-09'),
('Daniel', 'Rojas', 'daniel.rojas@email.com', '1994-01-22'),
('Lorena', 'Fuentes', 'lorena.fuentes@email.com', '1990-03-05'),
('Víctor', 'Cabrera', 'victor.cabrera@email.com', '1987-05-18'),
('Cristina', 'Luna', 'cristina.luna@email.com', '1995-08-31'),
('Manuel', 'Aguilar', 'manuel.aguilar@email.com', '1991-11-14'),
('Marina', 'Valencia', 'marina.valencia@email.com', '1989-02-06'),
('Felipe', 'Montero', 'felipe.montero@email.com', '1996-04-29'),
('Silvia', 'Espinoza', 'silvia.espinoza@email.com', '1993-07-12'),
('Adrián', 'Salazar', 'adrian.salazar@email.com', '1988-09-25'),
('Rebeca', 'Núñez', 'rebeca.nunez@email.com', '1990-12-08'),
('Gonzalo', 'Pinto', 'gonzalo.pinto@email.com', '1994-02-21'),
('Lidia', 'Cordero', 'lidia.cordero@email.com', '1987-04-04'),
('Tomás', 'Barrera', 'tomas.barrera@email.com', '1992-06-17'),
('Emma', 'Ríos', 'emma.rios@email.com', '1995-09-30'),
('Sebastián', 'Navarro', 'sebastian.navarro@email.com', '1989-11-12'),
('Inés', 'Mora', 'ines.mora@email.com', '1991-01-25');

-- Script corregido para insertar registros en la tabla estudiante
INSERT INTO estudiante (id_persona, numero_inscripcion, estado, usuario_alta, fecha_alta) VALUES
(1, 'EST20250001', 'activo', 'admin', '2025-01-10'),
(2, 'EST20250002', 'activo', 'admin', '2025-01-10'),
(3, 'EST20250003', 'activo', 'admin', '2025-01-11'),
(4, 'EST20250004', 'activo', 'admin', '2025-01-11'),
(5, 'EST20250005', 'activo', 'admin', '2025-01-12'),
(6, 'EST20250006', 'activo', 'admin', '2025-01-12'),
(7, 'EST20250007', 'activo', 'admin', '2025-01-13'),
(8, 'EST20250008', 'activo', 'admin', '2025-01-13'),
(9, 'EST20250009', 'activo', 'admin', '2025-01-14'),
(10, 'EST20250010', 'activo', 'admin', '2025-01-14'),
(11, 'EST20250011', 'activo', 'admin', '2025-01-15'),
(12, 'EST20250012', 'activo', 'admin', '2025-01-15'),
(13, 'EST20250013', 'activo', 'admin', '2025-01-16'),
(14, 'EST20250014', 'activo', 'admin', '2025-01-16'),
(15, 'EST20250015', 'activo', 'admin', '2025-01-17'),
(16, 'EST20250016', 'activo', 'admin', '2025-01-17'),
(17, 'EST20250017', 'activo', 'admin', '2025-01-18'),
(18, 'EST20250018', 'activo', 'admin', '2025-01-18'),
(19, 'EST20250019', 'activo', 'admin', '2025-01-19'),
(20, 'EST20250020', 'activo', 'admin', '2025-01-19'),
(21, 'EST20250021', 'activo', 'admin', '2025-01-20'),
(22, 'EST20250022', 'activo', 'admin', '2025-01-20'),
(23, 'EST20250023', 'activo', 'admin', '2025-01-21'),
(24, 'EST20250024', 'activo', 'admin', '2025-01-21'),
(25, 'EST20250025', 'activo', 'admin', '2025-01-22'),
(26, 'EST20250026', 'activo', 'admin', '2025-01-22'),
(27, 'EST20250027', 'activo', 'admin', '2025-01-23'),
(28, 'EST20250028', 'activo', 'admin', '2025-01-23'),
(29, 'EST20250029', 'activo', 'admin', '2025-01-24'),
(30, 'EST20250030', 'activo', 'admin', '2025-01-24'),
(31, 'EST20250031', 'activo', 'admin', '2025-01-25'),
(32, 'EST20250032', 'activo', 'admin', '2025-01-25'),
(33, 'EST20250033', 'activo', 'admin', '2025-01-26'),
(34, 'EST20250034', 'activo', 'admin', '2025-01-26'),
(35, 'EST20250035', 'activo', 'admin', '2025-01-27'),
(36, 'EST20250036', 'activo', 'admin', '2025-01-27'),
(37, 'EST20250037', 'activo', 'admin', '2025-01-28'),
(38, 'EST20250038', 'activo', 'admin', '2025-01-28'),
(39, 'EST20250039', 'activo', 'admin', '2025-01-29'),
(40, 'EST20250040', 'activo', 'admin', '2025-01-29'),
(41, 'EST20250041', 'activo', 'admin', '2025-01-30'),
(42, 'EST20250042', 'activo', 'admin', '2025-01-30'),
(43, 'EST20250043', 'activo', 'admin', '2025-01-31'),
(44, 'EST20250044', 'activo', 'admin', '2025-01-31'),
(45, 'EST20250045', 'activo', 'admin', '2025-02-01'),
(46, 'EST20250046', 'activo', 'admin', '2025-02-01'),
(47, 'EST20250047', 'activo', 'admin', '2025-02-02'),
(48, 'EST20250048', 'activo', 'admin', '2025-02-02'),
(49, 'EST20250049', 'activo', 'admin', '2025-02-03'),
(50, 'EST20250050', 'activo', 'admin', '2025-02-03');


-- Script para insertar registros en la tabla materia

INSERT INTO materia (codigo_unico, creditos, nombre_materia) VALUES 
('MAT103',4, 'Calculo'),
('MAT104', 4, 'Cálculo II'),
('MAT105', 4, 'Ecuaciones Diferenciales'),
('MAT106', 3, 'Probabilidad y Estadística'),
('MAT107', 3, 'Geometría Analítica'),
('MAT108', 4, 'Cálculo Vectorial'),
('MAT109', 3, 'Matemáticas Discretas'),
('MAT110', 4, 'Análisis Numérico'),
('FIS101', 4, 'Física I'),
('FIS102', 4, 'Física II'),
('FIS103', 3, 'Mecánica Clásica'),
('FIS104', 3, 'Electromagnetismo'),
('FIS105', 4, 'Física Moderna'),
('QUI101', 4, 'Química General'),
('QUI102', 3, 'Química Orgánica'),
('QUI103', 3, 'Química Analítica'),
('INF102', 4, 'Estructuras de Datos'),
('INF103', 4, 'Bases de Datos'),
('INF104', 3, 'Sistemas Operativos'),
('INF105', 4, 'Redes de Computadoras'),
('INF106', 3, 'Ingeniería de Software'),
('INF107', 4, 'Inteligencia Artificial'),
('INF108', 3, 'Seguridad Informática'),
('INF109', 4, 'Programación Web'),
('INF110', 3, 'Desarrollo Móvil'),
('ADM101', 3, 'Administración General'),
('ADM102', 3, 'Contabilidad Básica'),
('ADM103', 4, 'Economía I'),
('ADM104', 3, 'Marketing'),
('ADM105', 3, 'Gestión de Proyectos'),
('ING101', 4, 'Inglés I'),
('ING102', 4, 'Inglés II'),
('ING103', 3, 'Inglés Técnico'),
('SOC101', 3, 'Sociología'),
('SOC102', 3, 'Psicología'),
('SOC103', 3, 'Ética Profesional'),
('DER101', 3, 'Derecho Básico'),
('DER102', 3, 'Derecho Laboral'),
('BIO101', 4, 'Biología General'),
('BIO102', 3, 'Genética'),
('BIO103', 3, 'Microbiología'),
('EST101', 3, 'Estadística Descriptiva'),
('EST102', 4, 'Estadística Inferencial'),
('MAT111', 3, 'Optimización'),
('MAT112', 4, 'Modelos Matemáticos'),
('INF111', 3, 'Ciberseguridad'),
('INF112', 4, 'Cloud Computing'),
('ADM106', 3, 'Finanzas Corporativas'),
('MAT113', 4, 'Cálculo III'),
('MAT114', 3, 'Teoría de Números'),
('MAT115', 3, 'Lógica Matemática'),
('FIS106', 3, 'Termodinámica'),
('FIS107', 4, 'Óptica'),
('QUI104', 3, 'Bioquímica'),
('INF113', 3, 'Machine Learning'),
('INF114', 4, 'Big Data');
-- Insertar relaciones entre estudiantes y materias
INSERT INTO estudiante_materia (id_estudiante, id_materia) VALUES (1, 1);
INSERT INTO estudiante_materia (id_estudiante, id_materia) VALUES (1, 2);
INSERT INTO estudiante_materia (id_estudiante, id_materia) VALUES (1, 3);
INSERT INTO estudiante_materia (id_estudiante, id_materia) VALUES (2, 1);
INSERT INTO estudiante_materia (id_estudiante, id_materia) VALUES (2, 4);
INSERT INTO estudiante_materia (id_estudiante, id_materia) VALUES (3, 2);
INSERT INTO estudiante_materia (id_estudiante, id_materia) VALUES (3, 5);
INSERT INTO estudiante_materia (id_estudiante, id_materia) VALUES (4, 1);
INSERT INTO estudiante_materia (id_estudiante, id_materia) VALUES (4, 3);
INSERT INTO estudiante_materia (id_estudiante, id_materia) VALUES (5, 2);
INSERT INTO estudiante_materia (id_estudiante, id_materia) VALUES (5, 4);
INSERT INTO estudiante_materia (id_estudiante, id_materia) VALUES (6, 5);
INSERT INTO estudiante_materia (id_estudiante, id_materia) VALUES (7, 3);
INSERT INTO estudiante_materia (id_estudiante, id_materia) VALUES (7, 4);
INSERT INTO estudiante_materia (id_estudiante, id_materia) VALUES (8, 1);

INSERT INTO docente (
    id_persona, 
    nro_empleado, 
    departamento, 
    estado,
    usuario_alta, 
    fecha_alta, 
    usuario_modificacion, 
    fecha_modificacion, 
    usuario_baja, 
    fecha_baja, 
    motivo_baja
) VALUES
(51, 'EMP0051', 'Informática', 'activo', 'admin', '2025-02-01', NULL, NULL, NULL, NULL, NULL),
(52, 'EMP0052', 'Matemáticas', 'activo', 'admin', '2025-02-02', NULL, NULL, NULL, NULL, NULL),
(53, 'EMP0053', 'Física', 'activo', 'admin', '2025-02-03', NULL, NULL, NULL, NULL, NULL),
(54, 'EMP0054', 'Química', 'activo', 'admin', '2025-02-04', NULL, NULL, NULL, NULL, NULL),
(55, 'EMP0055', 'Biología', 'activo', 'admin', '2025-02-05', NULL, NULL, NULL, NULL, NULL),
(56, 'EMP0056', 'Informática', 'activo', 'admin', '2025-02-06', NULL, NULL, NULL, NULL, NULL),
(57, 'EMP0057', 'Matemáticas', 'activo', 'admin', '2025-02-07', NULL, NULL, NULL, NULL, NULL),
(58, 'EMP0058', 'Física', 'activo', 'admin', '2025-02-08', NULL, NULL, NULL, NULL, NULL),
(59, 'EMP0059', 'Química', 'activo', 'admin', '2025-02-09', NULL, NULL, NULL, NULL, NULL),
(60, 'EMP0060', 'Biología', 'activo', 'admin', '2025-02-10', NULL, NULL, NULL, NULL, NULL),
(61, 'EMP0061', 'Informática', 'activo', 'admin', '2025-02-11', NULL, NULL, NULL, NULL, NULL),
(62, 'EMP0062', 'Matemáticas', 'activo', 'admin', '2025-02-12', NULL, NULL, NULL, NULL, NULL),
(63, 'EMP0063', 'Física', 'activo', 'admin', '2025-02-13', NULL, NULL, NULL, NULL, NULL),
(64, 'EMP0064', 'Química', 'activo', 'admin', '2025-02-14', NULL, NULL, NULL, NULL, NULL),
(65, 'EMP0065', 'Biología', 'activo', 'admin', '2025-02-15', NULL, NULL, NULL, NULL, NULL),
(66, 'EMP0066', 'Informática', 'activo', 'admin', '2025-02-16', NULL, NULL, NULL, NULL, NULL),
(67, 'EMP0067', 'Matemáticas', 'activo', 'admin', '2025-02-17', NULL, NULL, NULL, NULL, NULL),
(68, 'EMP0068', 'Física', 'activo', 'admin', '2025-02-18', NULL, NULL, NULL, NULL, NULL),
(69, 'EMP0069', 'Química', 'activo', 'admin', '2025-02-19', NULL, NULL, NULL, NULL, NULL),
(70, 'EMP0070', 'Biología', 'activo', 'admin', '2025-02-20', NULL, NULL, NULL, NULL, NULL),
(71, 'EMP0071', 'Informática', 'activo', 'admin', '2025-02-21', NULL, NULL, NULL, NULL, NULL),
(72, 'EMP0072', 'Matemáticas', 'activo', 'admin', '2025-02-22', NULL, NULL, NULL, NULL, NULL),
(73, 'EMP0073', 'Física', 'activo', 'admin', '2025-02-23', NULL, NULL, NULL, NULL, NULL),
(74, 'EMP0074', 'Química', 'activo', 'admin', '2025-02-24', NULL, NULL, NULL, NULL, NULL),
(75, 'EMP0075', 'Biología', 'activo', 'admin', '2025-02-25', NULL, NULL, NULL, NULL, NULL),
(76, 'EMP0076', 'Informática', 'activo', 'admin', '2025-02-26', NULL, NULL, NULL, NULL, NULL),
(77, 'EMP0077', 'Matemáticas', 'activo', 'admin', '2025-02-27', NULL, NULL, NULL, NULL, NULL),
(78, 'EMP0078', 'Física', 'activo', 'admin', '2025-02-28', NULL, NULL, NULL, NULL, NULL),
(79, 'EMP0079', 'Química', 'activo', 'admin', '2025-03-01', NULL, NULL, NULL, NULL, NULL),
(80, 'EMP0080', 'Biología', 'activo', 'admin', '2025-03-02', NULL, NULL, NULL, NULL, NULL),
(81, 'EMP0081', 'Informática', 'activo', 'admin', '2025-03-03', NULL, NULL, NULL, NULL, NULL),
(82, 'EMP0082', 'Matemáticas', 'activo', 'admin', '2025-03-04', NULL, NULL, NULL, NULL, NULL),
(83, 'EMP0083', 'Física', 'activo', 'admin', '2025-03-05', NULL, NULL, NULL, NULL, NULL),
(84, 'EMP0084', 'Química', 'activo', 'admin', '2025-03-06', NULL, NULL, NULL, NULL, NULL),
(85, 'EMP0085', 'Biología', 'activo', 'admin', '2025-03-07', NULL, NULL, NULL, NULL, NULL),
(86, 'EMP0086', 'Informática', 'activo', 'admin', '2025-03-08', NULL, NULL, NULL, NULL, NULL),
(87, 'EMP0087', 'Matemáticas', 'activo', 'admin', '2025-03-09', NULL, NULL, NULL, NULL, NULL),
(88, 'EMP0088', 'Física', 'activo', 'admin', '2025-03-10', NULL, NULL, NULL, NULL, NULL),
(89, 'EMP0089', 'Química', 'activo', 'admin', '2025-03-11', NULL, NULL, NULL, NULL, NULL),
(90, 'EMP0090', 'Biología', 'activo', 'admin', '2025-03-12', NULL, NULL, NULL, NULL, NULL),
(91, 'EMP0091', 'Informática', 'activo', 'admin', '2025-03-13', NULL, NULL, NULL, NULL, NULL),
(92, 'EMP0092', 'Matemáticas', 'activo', 'admin', '2025-03-14', NULL, NULL, NULL, NULL, NULL),
(93, 'EMP0093', 'Física', 'activo', 'admin', '2025-03-15', NULL, NULL, NULL, NULL, NULL),
(94, 'EMP0094', 'Química', 'activo', 'admin', '2025-03-16', NULL, NULL, NULL, NULL, NULL),
(95, 'EMP0095', 'Biología', 'activo', 'admin', '2025-03-17', NULL, NULL, NULL, NULL, NULL),
(96, 'EMP0096', 'Informática', 'activo', 'admin', '2025-03-18', NULL, NULL, NULL, NULL, NULL),
(97, 'EMP0097', 'Matemáticas', 'activo', 'admin', '2025-03-19', NULL, NULL, NULL, NULL, NULL),
(98, 'EMP0098', 'Física', 'activo', 'admin', '2025-03-20', NULL, NULL, NULL, NULL, NULL),
(99, 'EMP0099', 'Química', 'activo', 'admin', '2025-03-21', NULL, NULL, NULL, NULL, NULL);

-- Insertar inscripciones de ejemplo
INSERT INTO inscripcion (estudiante_id, materia_id, fecha_inscripcion) VALUES
(1, 1, '2025-03-01'),
(2, 1, '2025-03-02'),
(3, 2, '2025-03-03'),
(4, 3, '2025-03-04'),
(5, 2, '2025-03-05'),
(6, 4, '2025-03-06'),
(7, 4, '2025-03-07'),
(8, 5, '2025-03-08'),
(9, 3, '2025-03-09'),
(10, 1, '2025-03-10');
